Jenis Budidaya Pembesaran,Provinsi,Kabupaten/Kota,Jenis Ikan,Tahun,Volume Produksi,Nilai Produksi
KOLAM AIR TENANG,JAWA BARAT,BANDUNG,LELE,2019,"5,372,785 "," Rp85,964,560,000 "
KOLAM AIR TENANG,JAWA BARAT,BANDUNG BARAT,LELE,2019,"1,328,082 "," Rp19,921,230,000 "
KOLAM AIR TENANG,JAWA BARAT,BEKASI,LELE,2019,"2,019,121 "," Rp34,325,057,000 "
KOLAM AIR TENANG,JAWA BARAT,BOGOR,LELE,2019,"89,814,340 "," Rp1,526,843,780,000 "
KOLAM AIR TENANG,JAWA BARAT,CIAMIS,LELE,2019,"18,162,827 "," Rp236,116,751,000 "
KOLAM AIR TENANG,JAWA BARAT,CIANJUR,LELE,2019,"14,124,120 "," Rp225,985,920,000 "
KOLAM AIR TENANG,JAWA BARAT,CIREBON,LELE,2019,"9,987,423 "," Rp199,748,460,000 "
KOLAM AIR TENANG,JAWA BARAT,GARUT,LELE,2019,"3,162,167 "," Rp53,756,839,000 "
KOLAM AIR TENANG,JAWA BARAT,INDRAMAYU,LELE,2019,"70,666,948 "," Rp1,060,004,220,000 "
KOLAM AIR TENANG,JAWA BARAT,KARAWANG,LELE,2019,"759,058 "," Rp9,108,696,000 "
KOLAM AIR TENANG,JAWA BARAT,KOTA BANDUNG,LELE,2019,"51,015 "," Rp867,255,000 "
KOLAM AIR TENANG,JAWA BARAT,KOTA BANJAR,LELE,2019,"290,733 "," Rp4,360,995,000 "
KOLAM AIR TENANG,JAWA BARAT,KOTA BEKASI,LELE,2019,"1,232,020 "," Rp21,096,220,000 "
KOLAM AIR TENANG,JAWA BARAT,KOTA BOGOR,LELE,2019,"2,249,790 "," Rp38,246,430,000 "
KOLAM AIR TENANG,JAWA BARAT,KOTA CIMAHI,LELE,2019,"207,624 "," Rp3,737,232,000 "
KOLAM AIR TENANG,JAWA BARAT,KOTA CIREBON,LELE,2019,"73,645 "," Rp1,104,675,000 "
KOLAM AIR TENANG,JAWA BARAT,KOTA DEPOK,LELE,2019,"105,600 "," Rp2,006,400,000 "
KOLAM AIR TENANG,JAWA BARAT,KOTA SUKABUMI,LELE,2019,"487,934 "," Rp9,758,680,000 "
KOLAM AIR TENANG,JAWA BARAT,KOTA TASIKMALAYA,LELE,2019,"1,415,171 "," Rp16,982,052,000 "
KOLAM AIR TENANG,JAWA BARAT,KUNINGAN,LELE,2019,"3,690,966 "," Rp63,800,373,000 "
KOLAM AIR TENANG,JAWA BARAT,MAJALENGKA,LELE,2019,"1,704,690 "," Rp28,979,730,000 "
KOLAM AIR TENANG,JAWA BARAT,PANGANDARAN,LELE,2019,"60,224 "," Rp978,712,400 "
KOLAM AIR TENANG,JAWA BARAT,PURWAKARTA,LELE,2019,"568,590 "," Rp8,810,290,000 "
KOLAM AIR TENANG,JAWA BARAT,SUBANG,LELE,2019,"2,672,040 "," Rp53,440,800,000 "
KOLAM AIR TENANG,JAWA BARAT,SUKABUMI,LELE,2019,"12,243,556 "," Rp171,409,784,000 "
KOLAM AIR TENANG,JAWA BARAT,SUMEDANG,LELE,2019,"125,302 "," Rp2,211,456,619 "
KOLAM AIR TENANG,JAWA BARAT,TASIKMALAYA,LELE,2019,"9,921,100 "," Rp148,816,500,000 "
KOLAM AIR TENANG,JAWA TENGAH,BANJARNEGARA,LELE,2019,"12,293,455 "," Rp184,401,825,000 "
KOLAM AIR TENANG,JAWA TENGAH,BANYUMAS,LELE,2019,"3,394,404 "," Rp69,893,172,000 "
KOLAM AIR TENANG,JAWA TENGAH,BATANG,LELE,2019,"1,286,154 "," Rp20,143,176,000 "
KOLAM AIR TENANG,JAWA TENGAH,BLORA,LELE,2019,"319,235 "," Rp5,426,995,000 "
KOLAM AIR TENANG,JAWA TENGAH,BOYOLALI,LELE,2019,"26,996,762 "," Rp431,948,192,000 "
KOLAM AIR TENANG,JAWA TENGAH,BREBES,LELE,2019,"1,709,490 "," Rp37,608,780,000 "
KOLAM AIR TENANG,JAWA TENGAH,CILACAP,LELE,2019,"2,552,880 "," Rp39,075,377,000 "
KOLAM AIR TENANG,JAWA TENGAH,DEMAK,LELE,2019,"23,823,963 "," Rp390,455,952,000 "
KOLAM AIR TENANG,JAWA TENGAH,GROBOGAN,LELE,2019,"2,114,666 "," Rp35,949,322,000 "
KOLAM AIR TENANG,JAWA TENGAH,JEPARA,LELE,2019,"4,961,137 "," Rp83,341,054,000 "
KOLAM AIR TENANG,JAWA TENGAH,KARANGANYAR,LELE,2019,"1,558,110 "," Rp24,929,760,000 "
KOLAM AIR TENANG,JAWA TENGAH,KEBUMEN,LELE,2019,"923,807 "," Rp14,780,912,000 "
KOLAM AIR TENANG,JAWA TENGAH,KENDAL,LELE,2019,"2,120,550 "," Rp35,254,087,500 "
KOLAM AIR TENANG,JAWA TENGAH,KLATEN,LELE,2019,"9,301,717 "," Rp148,827,472,000 "
KOLAM AIR TENANG,JAWA TENGAH,KOTA MAGELANG,LELE,2019,"62,374 "," Rp1,029,171,000 "
KOLAM AIR TENANG,JAWA TENGAH,KOTA PEKALONGAN,LELE,2019,"37,460 "," Rp674,280,000 "
KOLAM AIR TENANG,JAWA TENGAH,KOTA SALATIGA,LELE,2019,"782,280 "," Rp12,516,480,000 "
KOLAM AIR TENANG,JAWA TENGAH,KOTA SEMARANG,LELE,2019,"3,934,857 "," Rp70,827,426,000 "
KOLAM AIR TENANG,JAWA TENGAH,KOTA SURAKARTA,LELE,2019,"42,574 "," Rp804,338,000 "
KOLAM AIR TENANG,JAWA TENGAH,KOTA TEGAL,LELE,2019,"16,185 "," Rp282,810,000 "
KOLAM AIR TENANG,JAWA TENGAH,KUDUS,LELE,2019,"1,043,214 "," Rp17,287,178,000 "
KOLAM AIR TENANG,JAWA TENGAH,MAGELANG,LELE,2019,"6,961,352 "," Rp111,381,632,000 "
KOLAM AIR TENANG,JAWA TENGAH,PATI,LELE,2019,"11,535,735 "," Rp199,105,622,000 "
KOLAM AIR TENANG,JAWA TENGAH,PEKALONGAN,LELE,2019,"806,088 "," Rp13,703,496,000 "
KOLAM AIR TENANG,JAWA TENGAH,PEMALANG,LELE,2019,"1,809,353 "," Rp30,282,751,000 "
KOLAM AIR TENANG,JAWA TENGAH,PURBALINGGA,LELE,2019,"2,393,565 "," Rp39,163,657,500 "
KOLAM AIR TENANG,JAWA TENGAH,PURWOREJO,LELE,2019,"579,659 "," Rp9,775,948,750 "
KOLAM AIR TENANG,JAWA TENGAH,REMBANG,LELE,2019,"958,941 "," Rp17,260,938,000 "
KOLAM AIR TENANG,JAWA TENGAH,SEMARANG,LELE,2019,"3,253,961 "," Rp58,571,298,000 "
KOLAM AIR TENANG,JAWA TENGAH,SRAGEN,LELE,2019,"5,858,410 "," Rp96,945,867,000 "
KOLAM AIR TENANG,JAWA TENGAH,SUKOHARJO,LELE,2019,"10,743,295 "," Rp182,636,015,000 "
KOLAM AIR TENANG,JAWA TENGAH,TEGAL,LELE,2019,"871,812 "," Rp15,131,764,000 "
KOLAM AIR TENANG,JAWA TENGAH,TEMANGGUNG,LELE,2019,"4,257,819 "," Rp70,272,423,000 "
KOLAM AIR TENANG,JAWA TENGAH,WONOGIRI,LELE,2019,"504,187 "," Rp8,066,992,000 "
KOLAM AIR TENANG,JAWA TENGAH,WONOSOBO,LELE,2019,"3,714,065 "," Rp48,282,845,000 "
KOLAM AIR TENANG,JAWA TIMUR,BANGKALAN,LELE,2019,"91,952 "," Rp1,839,040,000 "
KOLAM AIR TENANG,JAWA TIMUR,BANYUWANGI,LELE,2019,"4,786,324 "," Rp70,682,899,066 "
KOLAM AIR TENANG,JAWA TIMUR,BLITAR,LELE,2019,"10,383,300 "," Rp145,629,300,000 "
KOLAM AIR TENANG,JAWA TIMUR,BOJONEGORO,LELE,2019,"2,751,514 "," Rp44,789,420,000 "
KOLAM AIR TENANG,JAWA TIMUR,BONDOWOSO,LELE,2019,"684,461 "," Rp16,427,064,000 "
KOLAM AIR TENANG,JAWA TIMUR,GRESIK,LELE,2019,"1,193,971 "," Rp21,252,260,000 "
KOLAM AIR TENANG,JAWA TIMUR,JEMBER,LELE,2019,"8,242,000 "," Rp123,630,000,000 "
KOLAM AIR TENANG,JAWA TIMUR,JOMBANG,LELE,2019,"7,838,600 "," Rp123,570,600,000 "
KOLAM AIR TENANG,JAWA TIMUR,KEDIRI,LELE,2019,"14,980,000 "," Rp194,740,000,000 "
KOLAM AIR TENANG,JAWA TIMUR,KOTA BATU,LELE,2019,"32,945 "," Rp560,065,000 "
KOLAM AIR TENANG,JAWA TIMUR,KOTA BLITAR,LELE,2019,"86,415 "," Rp1,455,874,000 "
KOLAM AIR TENANG,JAWA TIMUR,KOTA KEDIRI,LELE,2019,"135,900 "," Rp2,122,936,700 "
KOLAM AIR TENANG,JAWA TIMUR,KOTA MADIUN,LELE,2019,"168,900 "," Rp2,702,400,000 "
KOLAM AIR TENANG,JAWA TIMUR,KOTA MALANG,LELE,2019,"113,970 "," Rp1,823,520,000 "
KOLAM AIR TENANG,JAWA TIMUR,KOTA MOJOKERTO,LELE,2019,"110,767 "," Rp1,827,655,500 "
KOLAM AIR TENANG,JAWA TIMUR,KOTA PASURUAN,LELE,2019,"47,578 "," Rp729,336,000 "
KOLAM AIR TENANG,JAWA TIMUR,KOTA PROBOLINGGO,LELE,2019,"234,620 "," Rp3,606,840,003 "
KOLAM AIR TENANG,JAWA TIMUR,KOTA SURABAYA,LELE,2019,"765,081 "," Rp13,771,458,000 "
KOLAM AIR TENANG,JAWA TIMUR,LAMONGAN,LELE,2019,"2,266,471 "," Rp33,997,065,000 "
KOLAM AIR TENANG,JAWA TIMUR,LUMAJANG,LELE,2019,"711,850 "," Rp10,677,750,000 "
KOLAM AIR TENANG,JAWA TIMUR,MADIUN,LELE,2019,"2,075,700 "," Rp31,135,500,000 "
KOLAM AIR TENANG,JAWA TIMUR,MAGETAN,LELE,2019,"1,531,900 "," Rp24,510,400,000 "
KOLAM AIR TENANG,JAWA TIMUR,MALANG,LELE,2019,"8,139,701 "," Rp122,095,515,000 "
KOLAM AIR TENANG,JAWA TIMUR,MOJOKERTO,LELE,2019,"940,380 "," Rp15,330,420,000 "
KOLAM AIR TENANG,JAWA TIMUR,NGANJUK,LELE,2019,"8,330,000 "," Rp134,776,960,000 "
KOLAM AIR TENANG,JAWA TIMUR,NGAWI,LELE,2019,"2,378,105 "," Rp38,049,680,000 "
KOLAM AIR TENANG,JAWA TIMUR,PACITAN,LELE,2019,"462,691 "," Rp6,940,365,000 "
KOLAM AIR TENANG,JAWA TIMUR,PAMEKASAN,LELE,2019,"634,250 "," Rp11,122,265,066 "
KOLAM AIR TENANG,JAWA TIMUR,PASURUAN,LELE,2019,"3,191,989 "," Rp48,646,002,397 "
KOLAM AIR TENANG,JAWA TIMUR,PONOROGO,LELE,2019,"1,653,558 "," Rp26,491,667,800 "
KOLAM AIR TENANG,JAWA TIMUR,PROBOLINGGO,LELE,2019,"758,630 "," Rp11,758,765,000 "
KOLAM AIR TENANG,JAWA TIMUR,SAMPANG,LELE,2019,"100,722 "," Rp1,712,274,000 "
KOLAM AIR TENANG,JAWA TIMUR,SIDOARJO,LELE,2019,"20,394,400 "," Rp326,310,400,000 "
KOLAM AIR TENANG,JAWA TIMUR,SITUBONDO,LELE,2019,"185,865 "," Rp3,102,332,000 "
KOLAM AIR TENANG,JAWA TIMUR,SUMENEP,LELE,2019,"170,428 "," Rp2,834,916,000 "
KOLAM AIR TENANG,JAWA TIMUR,TRENGGALEK,LELE,2019,"4,053,426 "," Rp61,868,890,760 "
KOLAM AIR TENANG,JAWA TIMUR,TUBAN,LELE,2019,"2,010,670 "," Rp34,181,390,000 "
KOLAM AIR TENANG,JAWA TIMUR,TULUNGAGUNG,LELE,2019,"10,006,869 "," Rp153,563,838,948 "
KOLAM AIR TENANG,JAWA BARAT,BANDUNG,LELE,2020,"6,286,498 "," Rp100,583,968,000 "
KOLAM AIR TENANG,JAWA BARAT,BANDUNG BARAT,LELE,2020,"1,892,735 "," Rp28,391,025,000 "
KOLAM AIR TENANG,JAWA BARAT,BEKASI,LELE,2020,"2,064,987 "," Rp35,980,966,000 "
KOLAM AIR TENANG,JAWA BARAT,BOGOR,LELE,2020,"85,404,120 "," Rp1,621,387,862,000 "
KOLAM AIR TENANG,JAWA BARAT,CIAMIS,LELE,2020,"4,341,100 "," Rp56,434,300,000 "
KOLAM AIR TENANG,JAWA BARAT,CIANJUR,LELE,2020,"12,340,000 "," Rp197,440,000,000 "
KOLAM AIR TENANG,JAWA BARAT,CIREBON,LELE,2020,"9,039,930 "," Rp180,798,600,000 "
KOLAM AIR TENANG,JAWA BARAT,GARUT,LELE,2020,"2,919,150 "," Rp49,625,550,000 "
KOLAM AIR TENANG,JAWA BARAT,INDRAMAYU,LELE,2020,"89,693,625 "," Rp1,435,098,000,000 "
KOLAM AIR TENANG,JAWA BARAT,KARAWANG,LELE,2020,"766,390 "," Rp9,196,680,000 "
KOLAM AIR TENANG,JAWA BARAT,KOTA BANDUNG,LELE,2020,"74,448 "," Rp1,303,626,222 "
KOLAM AIR TENANG,JAWA BARAT,KOTA BANJAR,LELE,2020,"300,470 "," Rp4,507,050,000 "
KOLAM AIR TENANG,JAWA BARAT,KOTA BEKASI,LELE,2020,"1,309,069 "," Rp23,563,242,000 "
KOLAM AIR TENANG,JAWA BARAT,KOTA BOGOR,LELE,2020,"2,431,756 "," Rp41,339,852,000 "
KOLAM AIR TENANG,JAWA BARAT,KOTA CIMAHI,LELE,2020,"190,774 "," Rp3,433,932,000 "
KOLAM AIR TENANG,JAWA BARAT,KOTA CIREBON,LELE,2020,"83,928 "," Rp1,302,091,860 "
KOLAM AIR TENANG,JAWA BARAT,KOTA DEPOK,LELE,2020,"94,180 "," Rp2,391,380,000 "
KOLAM AIR TENANG,JAWA BARAT,KOTA SUKABUMI,LELE,2020,"656,683 "," Rp13,133,660,000 "
KOLAM AIR TENANG,JAWA BARAT,KOTA TASIKMALAYA,LELE,2020,"1,479,486 "," Rp17,753,832,000 "
KOLAM AIR TENANG,JAWA BARAT,KUNINGAN,LELE,2020,"4,301,076 "," Rp73,118,292,000 "
KOLAM AIR TENANG,JAWA BARAT,MAJALENGKA,LELE,2020,"2,265,630 "," Rp38,515,710,000 "
KOLAM AIR TENANG,JAWA BARAT,PANGANDARAN,LELE,2020,"28,459 "," Rp421,757,800 "
KOLAM AIR TENANG,JAWA BARAT,PURWAKARTA,LELE,2020,"600,780 "," Rp9,300,070,000 "
KOLAM AIR TENANG,JAWA BARAT,SUBANG,LELE,2020,"1,838,154 "," Rp39,977,700,000 "
KOLAM AIR TENANG,JAWA BARAT,SUKABUMI,LELE,2020,"11,803,687 "," Rp212,466,366,000 "
KOLAM AIR TENANG,JAWA BARAT,SUMEDANG,LELE,2020,"680,731 "," Rp12,105,901,272 "
KOLAM AIR TENANG,JAWA BARAT,TASIKMALAYA,LELE,2020,"4,130,000 "," Rp55,440,000,000 "
KOLAM AIR TENANG,JAWA TENGAH,BANJARNEGARA,LELE,2020,"12,847,649 "," Rp192,714,735,000 "
KOLAM AIR TENANG,JAWA TENGAH,BANYUMAS,LELE,2020,"3,566,103 "," Rp64,519,095,000 "
KOLAM AIR TENANG,JAWA TENGAH,BATANG,LELE,2020,"1,206,455 "," Rp18,096,825,000 "
KOLAM AIR TENANG,JAWA TENGAH,BLORA,LELE,2020,"257,263 "," Rp4,373,471,000 "
KOLAM AIR TENANG,JAWA TENGAH,BOYOLALI,LELE,2020,"25,409,161 "," Rp406,546,576,000 "
KOLAM AIR TENANG,JAWA TENGAH,BREBES,LELE,2020,"1,746,154 "," Rp31,430,772,000 "
KOLAM AIR TENANG,JAWA TENGAH,CILACAP,LELE,2020,"2,626,922 "," Rp42,931,381,500 "
KOLAM AIR TENANG,JAWA TENGAH,DEMAK,LELE,2020,"25,989,186 "," Rp415,826,976,000 "
KOLAM AIR TENANG,JAWA TENGAH,GROBOGAN,LELE,2020,"2,331,206 "," Rp38,464,899,000 "
KOLAM AIR TENANG,JAWA TENGAH,JEPARA,LELE,2020,"7,021,765 "," Rp119,370,005,000 "
KOLAM AIR TENANG,JAWA TENGAH,KARANGANYAR,LELE,2020,"1,568,780 "," Rp24,707,932,500 "
KOLAM AIR TENANG,JAWA TENGAH,KEBUMEN,LELE,2020,"1,021,538 "," Rp16,910,492,000 "
KOLAM AIR TENANG,JAWA TENGAH,KENDAL,LELE,2020,"2,442,900 "," Rp39,300,800,400 "
KOLAM AIR TENANG,JAWA TENGAH,KLATEN,LELE,2020,"8,524,473 "," Rp136,391,568,000 "
KOLAM AIR TENANG,JAWA TENGAH,KOTA MAGELANG,LELE,2020,"47,060 "," Rp776,490,000 "
KOLAM AIR TENANG,JAWA TENGAH,KOTA PEKALONGAN,LELE,2020,"91,403 "," Rp1,645,254,000 "
KOLAM AIR TENANG,JAWA TENGAH,KOTA SALATIGA,LELE,2020,"710,988 "," Rp11,375,808,000 "
KOLAM AIR TENANG,JAWA TENGAH,KOTA SEMARANG,LELE,2020,"145,877 "," Rp2,506,952,500 "
KOLAM AIR TENANG,JAWA TENGAH,KOTA SURAKARTA,LELE,2020,"34,873 "," Rp557,968,000 "
KOLAM AIR TENANG,JAWA TENGAH,KOTA TEGAL,LELE,2020,"16,365 "," Rp278,205,000 "
KOLAM AIR TENANG,JAWA TENGAH,KUDUS,LELE,2020,"1,374,073 "," Rp22,803,286,100 "
KOLAM AIR TENANG,JAWA TENGAH,MAGELANG,LELE,2020,"4,997,570 "," Rp79,961,120,000 "
KOLAM AIR TENANG,JAWA TENGAH,PATI,LELE,2020,"11,578,586 "," Rp202,625,255,000 "
KOLAM AIR TENANG,JAWA TENGAH,PEKALONGAN,LELE,2020,"915,593 "," Rp15,565,081,000 "
KOLAM AIR TENANG,JAWA TENGAH,PEMALANG,LELE,2020,"1,811,400 "," Rp30,301,550,000 "
KOLAM AIR TENANG,JAWA TENGAH,PURBALINGGA,LELE,2020,"2,300,832 "," Rp35,662,896,000 "
KOLAM AIR TENANG,JAWA TENGAH,PURWOREJO,LELE,2020,"510,066 "," Rp8,543,117,784 "
KOLAM AIR TENANG,JAWA TENGAH,REMBANG,LELE,2020,"978,759 "," Rp17,617,662,000 "
KOLAM AIR TENANG,JAWA TENGAH,SEMARANG,LELE,2020,"2,581,851 "," Rp46,473,318,000 "
KOLAM AIR TENANG,JAWA TENGAH,SRAGEN,LELE,2020,"6,659,750 "," Rp106,556,000,000 "
KOLAM AIR TENANG,JAWA TENGAH,SUKOHARJO,LELE,2020,"10,933,020 "," Rp174,928,320,000 "
KOLAM AIR TENANG,JAWA TENGAH,TEGAL,LELE,2020,"878,032 "," Rp14,926,544,000 "
KOLAM AIR TENANG,JAWA TENGAH,TEMANGGUNG,LELE,2020,"4,505,940 "," Rp76,600,980,000 "
KOLAM AIR TENANG,JAWA TENGAH,WONOGIRI,LELE,2020,"520,511 "," Rp8,328,176,000 "
KOLAM AIR TENANG,JAWA TENGAH,WONOSOBO,LELE,2020,"4,033,138 "," Rp52,430,794,000 "
KOLAM AIR TENANG,JAWA TIMUR,BANGKALAN,LELE,2020,"413,270 "," Rp7,025,590,000 "
KOLAM AIR TENANG,JAWA TIMUR,BANYUWANGI,LELE,2020,"4,569,227 "," Rp68,538,405,000 "
KOLAM AIR TENANG,JAWA TIMUR,BLITAR,LELE,2020,"9,943,300 "," Rp129,262,900,000 "
KOLAM AIR TENANG,JAWA TIMUR,BOJONEGORO,LELE,2020,"2,845,533 "," Rp45,528,528,000 "
KOLAM AIR TENANG,JAWA TIMUR,BONDOWOSO,LELE,2020,"685,612 "," Rp15,083,464,000 "
KOLAM AIR TENANG,JAWA TIMUR,GRESIK,LELE,2020,"1,219,956 "," Rp16,601,245,000 "
KOLAM AIR TENANG,JAWA TIMUR,JEMBER,LELE,2020,"7,525,300 "," Rp112,879,500,000 "
KOLAM AIR TENANG,JAWA TIMUR,JOMBANG,LELE,2020,"7,292,800 "," Rp114,976,300,000 "
KOLAM AIR TENANG,JAWA TIMUR,KEDIRI,LELE,2020,"15,948,100 "," Rp217,706,800,000 "
KOLAM AIR TENANG,JAWA TIMUR,KOTA BATU,LELE,2020,"21,664 "," Rp368,288,000 "
KOLAM AIR TENANG,JAWA TIMUR,KOTA BLITAR,LELE,2020,"96,026 "," Rp1,440,390,000 "
KOLAM AIR TENANG,JAWA TIMUR,KOTA KEDIRI,LELE,2020,"122,650 "," Rp1,904,675,002 "
KOLAM AIR TENANG,JAWA TIMUR,KOTA MADIUN,LELE,2020,"168,900 "," Rp2,702,400,000 "
KOLAM AIR TENANG,JAWA TIMUR,KOTA MALANG,LELE,2020,"112,130 "," Rp1,870,670,000 "
KOLAM AIR TENANG,JAWA TIMUR,KOTA MOJOKERTO,LELE,2020,"196,300 "," Rp3,140,800,000 "
KOLAM AIR TENANG,JAWA TIMUR,KOTA PASURUAN,LELE,2020,"241,518 "," Rp3,622,770,000 "
KOLAM AIR TENANG,JAWA TIMUR,KOTA PROBOLINGGO,LELE,2020,"143,870 "," Rp2,173,654,996 "
KOLAM AIR TENANG,JAWA TIMUR,KOTA SURABAYA,LELE,2020,"718,649 "," Rp12,935,682,000 "
KOLAM AIR TENANG,JAWA TIMUR,LAMONGAN,LELE,2020,"2,242,144 "," Rp34,365,503,000 "
KOLAM AIR TENANG,JAWA TIMUR,LUMAJANG,LELE,2020,"907,576 "," Rp13,386,865,000 "
KOLAM AIR TENANG,JAWA TIMUR,MADIUN,LELE,2020,"2,149,900 "," Rp32,815,350,000 "
KOLAM AIR TENANG,JAWA TIMUR,MAGETAN,LELE,2020,"1,405,050 "," Rp21,778,275,000 "
KOLAM AIR TENANG,JAWA TIMUR,MALANG,LELE,2020,"5,458,155 "," Rp81,872,325,000 "
KOLAM AIR TENANG,JAWA TIMUR,MOJOKERTO,LELE,2020,"1,096,910 "," Rp17,550,560,000 "
KOLAM AIR TENANG,JAWA TIMUR,NGANJUK,LELE,2020,"5,280,800 "," Rp83,253,569,516 "
KOLAM AIR TENANG,JAWA TIMUR,NGAWI,LELE,2020,"2,623,465 "," Rp41,975,440,000 "
KOLAM AIR TENANG,JAWA TIMUR,PACITAN,LELE,2020,"378,641 "," Rp5,858,725,650 "
KOLAM AIR TENANG,JAWA TIMUR,PAMEKASAN,LELE,2020,"702,046 "," Rp12,057,761,009 "
KOLAM AIR TENANG,JAWA TIMUR,PASURUAN,LELE,2020,"3,849,912 "," Rp60,483,571,131 "
KOLAM AIR TENANG,JAWA TIMUR,PONOROGO,LELE,2020,"1,382,115 "," Rp22,113,840,000 "
KOLAM AIR TENANG,JAWA TIMUR,PROBOLINGGO,LELE,2020,"710,400 "," Rp10,835,994,997 "
KOLAM AIR TENANG,JAWA TIMUR,SAMPANG,LELE,2020,"109,866 "," Rp1,922,655,000 "
KOLAM AIR TENANG,JAWA TIMUR,SIDOARJO,LELE,2020,"20,980,645 "," Rp335,690,320,000 "
KOLAM AIR TENANG,JAWA TIMUR,SITUBONDO,LELE,2020,"210,090 "," Rp3,403,870,000 "
KOLAM AIR TENANG,JAWA TIMUR,SUMENEP,LELE,2020,"215,706 "," Rp3,667,002,000 "
KOLAM AIR TENANG,JAWA TIMUR,TRENGGALEK,LELE,2020,"3,538,522 "," Rp54,847,091,000 "
KOLAM AIR TENANG,JAWA TIMUR,TUBAN,LELE,2020,"6,240,277 "," Rp106,084,709,000 "
KOLAM AIR TENANG,JAWA TIMUR,TULUNGAGUNG,LELE,2020,"11,581,154 "," Rp178,173,090,700 "
KOLAM AIR TENANG,JAWA BARAT,BANDUNG,LELE,2021,"6,787,465 "," Rp108,599,440,000 "
KOLAM AIR TENANG,JAWA BARAT,BANDUNG BARAT,LELE,2021,"1,977,990 "," Rp31,647,840,000 "
KOLAM AIR TENANG,JAWA BARAT,BEKASI,LELE,2021,"2,503,797 "," Rp47,572,143,000 "
KOLAM AIR TENANG,JAWA BARAT,BOGOR,LELE,2021,"91,357,630 "," Rp1,644,437,340,000 "
KOLAM AIR TENANG,JAWA BARAT,CIAMIS,LELE,2021,"4,637,317 "," Rp60,285,121,000 "
KOLAM AIR TENANG,JAWA BARAT,CIANJUR,LELE,2021,"15,390,000 "," Rp246,240,000,000 "
KOLAM AIR TENANG,JAWA BARAT,CIREBON,LELE,2021,"8,500,213 "," Rp165,677,330,000 "
KOLAM AIR TENANG,JAWA BARAT,GARUT,LELE,2021,"6,167,610 "," Rp123,352,200,000 "
KOLAM AIR TENANG,JAWA BARAT,INDRAMAYU,LELE,2021,"74,258,785 "," Rp1,245,306,285,000 "
KOLAM AIR TENANG,JAWA BARAT,KARAWANG,LELE,2021,"774,500 "," Rp9,294,000,000 "
KOLAM AIR TENANG,JAWA BARAT,KOTA BANDUNG,LELE,2021,"143,956 "," Rp2,447,252,000 "
KOLAM AIR TENANG,JAWA BARAT,KOTA BANJAR,LELE,2021,"318,545 "," Rp4,778,175,000 "
KOLAM AIR TENANG,JAWA BARAT,KOTA BEKASI,LELE,2021,"1,250,153 "," Rp22,502,754,000 "
KOLAM AIR TENANG,JAWA BARAT,KOTA BOGOR,LELE,2021,"2,455,170 "," Rp42,584,840,000 "
KOLAM AIR TENANG,JAWA BARAT,KOTA CIMAHI,LELE,2021,"176,126 "," Rp3,170,268,000 "
KOLAM AIR TENANG,JAWA BARAT,KOTA CIREBON,LELE,2021,"73,340 "," Rp1,173,440,000 "
KOLAM AIR TENANG,JAWA BARAT,KOTA DEPOK,LELE,2021,"150,101 "," Rp3,228,081,000 "
KOLAM AIR TENANG,JAWA BARAT,KOTA SUKABUMI,LELE,2021,"713,390 "," Rp12,841,020,000 "
KOLAM AIR TENANG,JAWA BARAT,KOTA TASIKMALAYA,LELE,2021,"1,489,551 "," Rp17,874,612,000 "
KOLAM AIR TENANG,JAWA BARAT,KUNINGAN,LELE,2021,"4,467,860 "," Rp75,953,620,000 "
KOLAM AIR TENANG,JAWA BARAT,MAJALENGKA,LELE,2021,"2,538,930 "," Rp46,185,300,000 "
KOLAM AIR TENANG,JAWA BARAT,PANGANDARAN,LELE,2021,"30,871 "," Rp459,674,700 "
KOLAM AIR TENANG,JAWA BARAT,PURWAKARTA,LELE,2021,"604,280 "," Rp9,668,480,000 "
KOLAM AIR TENANG,JAWA BARAT,SUBANG,LELE,2021,"1,844,191 "," Rp36,883,820,000 "
KOLAM AIR TENANG,JAWA BARAT,SUKABUMI,LELE,2021,"11,614,161 "," Rp186,307,562,000 "
KOLAM AIR TENANG,JAWA BARAT,SUMEDANG,LELE,2021,"479,545 "," Rp8,676,861,165 "
KOLAM AIR TENANG,JAWA BARAT,TASIKMALAYA,LELE,2021,"4,400,000 "," Rp52,800,000,000 "
KOLAM AIR TENANG,JAWA TENGAH,BANJARNEGARA,LELE,2021,"12,713,427 "," Rp199,413,633,500 "
KOLAM AIR TENANG,JAWA TENGAH,BANYUMAS,LELE,2021,"3,627,523 "," Rp61,667,891,000 "
KOLAM AIR TENANG,JAWA TENGAH,BATANG,LELE,2021,"1,266,127 "," Rp20,891,095,500 "
KOLAM AIR TENANG,JAWA TENGAH,BLORA,LELE,2021,"773,010 "," Rp13,141,170,000 "
KOLAM AIR TENANG,JAWA TENGAH,BOYOLALI,LELE,2021,"24,695,385 "," Rp395,126,160,000 "
KOLAM AIR TENANG,JAWA TENGAH,BREBES,LELE,2021,"2,488,072 "," Rp44,785,296,000 "
KOLAM AIR TENANG,JAWA TENGAH,CILACAP,LELE,2021,"2,747,434 "," Rp47,177,580,700 "
KOLAM AIR TENANG,JAWA TENGAH,DEMAK,LELE,2021,"32,504,972 "," Rp520,079,552,000 "
KOLAM AIR TENANG,JAWA TENGAH,GROBOGAN,LELE,2021,"2,344,141 "," Rp40,426,951,500 "
KOLAM AIR TENANG,JAWA TENGAH,JEPARA,LELE,2021,"3,058,473 "," Rp48,935,568,000 "
KOLAM AIR TENANG,JAWA TENGAH,KARANGANYAR,LELE,2021,"1,601,921 "," Rp25,231,767,500 "
KOLAM AIR TENANG,JAWA TENGAH,KEBUMEN,LELE,2021,"1,198,799 "," Rp19,779,037,000 "
KOLAM AIR TENANG,JAWA TENGAH,KENDAL,LELE,2021,"3,058,000 "," Rp51,986,000,000 "
KOLAM AIR TENANG,JAWA TENGAH,KLATEN,LELE,2021,"10,925,384 "," Rp174,806,144,000 "
KOLAM AIR TENANG,JAWA TENGAH,KOTA MAGELANG,LELE,2021,"37,250 "," Rp614,625,000 "
KOLAM AIR TENANG,JAWA TENGAH,KOTA PEKALONGAN,LELE,2021,"71,150 "," Rp1,280,700,000 "
KOLAM AIR TENANG,JAWA TENGAH,KOTA SALATIGA,LELE,2021,"689,719 "," Rp11,380,363,500 "
KOLAM AIR TENANG,JAWA TENGAH,KOTA SEMARANG,LELE,2021,"182,735 "," Rp3,017,701,000 "
KOLAM AIR TENANG,JAWA TENGAH,KOTA SURAKARTA,LELE,2021,"42,017 "," Rp714,289,000 "
KOLAM AIR TENANG,JAWA TENGAH,KOTA TEGAL,LELE,2021,"16,575 "," Rp281,775,000 "
KOLAM AIR TENANG,JAWA TENGAH,KUDUS,LELE,2021,"1,726,226 "," Rp28,976,438,000 "
KOLAM AIR TENANG,JAWA TENGAH,MAGELANG,LELE,2021,"5,728,224 "," Rp91,651,584,000 "
KOLAM AIR TENANG,JAWA TENGAH,PATI,LELE,2021,"11,635,248 "," Rp203,616,840,000 "
KOLAM AIR TENANG,JAWA TENGAH,PEKALONGAN,LELE,2021,"1,020,377 "," Rp17,346,409,000 "
KOLAM AIR TENANG,JAWA TENGAH,PEMALANG,LELE,2021,"1,960,000 "," Rp32,823,250,000 "
KOLAM AIR TENANG,JAWA TENGAH,PURBALINGGA,LELE,2021,"2,590,848 "," Rp40,158,144,000 "
KOLAM AIR TENANG,JAWA TENGAH,PURWOREJO,LELE,2021,"531,491 "," Rp8,480,034,668 "
KOLAM AIR TENANG,JAWA TENGAH,REMBANG,LELE,2021,"998,002 "," Rp17,964,036,000 "
KOLAM AIR TENANG,JAWA TENGAH,SEMARANG,LELE,2021,"3,139,562 "," Rp54,259,176,000 "
KOLAM AIR TENANG,JAWA TENGAH,SRAGEN,LELE,2021,"7,306,550 "," Rp113,214,600,000 "
KOLAM AIR TENANG,JAWA TENGAH,SUKOHARJO,LELE,2021,"11,217,000 "," Rp176,750,926,500 "
KOLAM AIR TENANG,JAWA TENGAH,TEGAL,LELE,2021,"722,753 "," Rp13,009,554,000 "
KOLAM AIR TENANG,JAWA TENGAH,TEMANGGUNG,LELE,2021,"4,744,628 "," Rp80,658,676,000 "
KOLAM AIR TENANG,JAWA TENGAH,WONOGIRI,LELE,2021,"474,553 "," Rp7,830,124,500 "
KOLAM AIR TENANG,JAWA TENGAH,WONOSOBO,LELE,2021,"3,077,867 "," Rp38,943,834,000 "
KOLAM AIR TENANG,JAWA TIMUR,BANGKALAN,LELE,2021,"332,800 "," Rp5,657,600,000 "
KOLAM AIR TENANG,JAWA TIMUR,BANYUWANGI,LELE,2021,"4,857,750 "," Rp72,866,250,000 "
KOLAM AIR TENANG,JAWA TIMUR,BLITAR,LELE,2021,"9,923,300 "," Rp143,809,400,000 "
KOLAM AIR TENANG,JAWA TIMUR,BOJONEGORO,LELE,2021,"2,927,260 "," Rp46,836,160,000 "
KOLAM AIR TENANG,JAWA TIMUR,BONDOWOSO,LELE,2021,"662,298 "," Rp14,570,556,000 "
KOLAM AIR TENANG,JAWA TIMUR,GRESIK,LELE,2021,"1,214,931 "," Rp16,841,371,200 "
KOLAM AIR TENANG,JAWA TIMUR,JEMBER,LELE,2021,"8,417,268 "," Rp152,300,220,000 "
KOLAM AIR TENANG,JAWA TIMUR,JOMBANG,LELE,2021,"7,265,900 "," Rp116,254,400,000 "
KOLAM AIR TENANG,JAWA TIMUR,KEDIRI,LELE,2021,"16,279,880 "," Rp240,196,915,000 "
KOLAM AIR TENANG,JAWA TIMUR,KOTA BATU,LELE,2021,"24,897 "," Rp411,741,000 "
KOLAM AIR TENANG,JAWA TIMUR,KOTA BLITAR,LELE,2021,"101,250 "," Rp1,545,600,000 "
KOLAM AIR TENANG,JAWA TIMUR,KOTA KEDIRI,LELE,2021,"149,800 "," Rp2,352,800,003 "
KOLAM AIR TENANG,JAWA TIMUR,KOTA MADIUN,LELE,2021,"177,048 "," Rp2,832,768,000 "
KOLAM AIR TENANG,JAWA TIMUR,KOTA MALANG,LELE,2021,"126,150 "," Rp2,207,625,000 "
KOLAM AIR TENANG,JAWA TIMUR,KOTA MOJOKERTO,LELE,2021,"185,100 "," Rp3,097,950,000 "
KOLAM AIR TENANG,JAWA TIMUR,KOTA PASURUAN,LELE,2021,"270,611 "," Rp4,059,165,000 "
KOLAM AIR TENANG,JAWA TIMUR,KOTA PROBOLINGGO,LELE,2021,"207,862 "," Rp3,228,459,903 "
KOLAM AIR TENANG,JAWA TIMUR,KOTA SURABAYA,LELE,2021,"747,485 "," Rp13,454,730,000 "
KOLAM AIR TENANG,JAWA TIMUR,LAMONGAN,LELE,2021,"2,371,362 "," Rp36,411,710,955 "
KOLAM AIR TENANG,JAWA TIMUR,LUMAJANG,LELE,2021,"943,855 "," Rp14,869,047,500 "
KOLAM AIR TENANG,JAWA TIMUR,MADIUN,LELE,2021,"2,315,600 "," Rp35,891,800,000 "
KOLAM AIR TENANG,JAWA TIMUR,MAGETAN,LELE,2021,"1,494,100 "," Rp23,905,600,000 "
KOLAM AIR TENANG,JAWA TIMUR,MALANG,LELE,2021,"5,530,775 "," Rp88,492,400,000 "
KOLAM AIR TENANG,JAWA TIMUR,MOJOKERTO,LELE,2021,"626,000 "," Rp10,016,000,000 "
KOLAM AIR TENANG,JAWA TIMUR,NGANJUK,LELE,2021,"9,373,650 "," Rp147,984,014,500 "
KOLAM AIR TENANG,JAWA TIMUR,NGAWI,LELE,2021,"2,756,825 "," Rp43,448,712,500 "
KOLAM AIR TENANG,JAWA TIMUR,PACITAN,LELE,2021,"441,929 "," Rp7,512,793,000 "
KOLAM AIR TENANG,JAWA TIMUR,PAMEKASAN,LELE,2021,"523,222 "," Rp9,048,975,600 "
KOLAM AIR TENANG,JAWA TIMUR,PASURUAN,LELE,2021,"4,289,990 "," Rp67,752,526,800 "
KOLAM AIR TENANG,JAWA TIMUR,PONOROGO,LELE,2021,"1,594,052 "," Rp25,504,832,000 "
KOLAM AIR TENANG,JAWA TIMUR,PROBOLINGGO,LELE,2021,"763,110 "," Rp11,769,569,999 "
KOLAM AIR TENANG,JAWA TIMUR,SAMPANG,LELE,2021,"123,050 "," Rp2,214,900,000 "
KOLAM AIR TENANG,JAWA TIMUR,SIDOARJO,LELE,2021,"21,534,551 "," Rp344,552,816,000 "
KOLAM AIR TENANG,JAWA TIMUR,SITUBONDO,LELE,2021,"268,104 "," Rp4,289,664,000 "
KOLAM AIR TENANG,JAWA TIMUR,SUMENEP,LELE,2021,"281,860 "," Rp4,791,620,000 "
KOLAM AIR TENANG,JAWA TIMUR,TRENGGALEK,LELE,2021,"3,582,684 "," Rp55,531,602,000 "
KOLAM AIR TENANG,JAWA TIMUR,TUBAN,LELE,2021,"8,161,862 "," Rp138,751,654,000 "
KOLAM AIR TENANG,JAWA TIMUR,TULUNGAGUNG,LELE,2021,"10,896,660 "," Rp169,167,813,000 "
KOLAM AIR TENANG,JAWA BARAT,BANDUNG,LELE,2022,"10,814,029 "," Rp173,024,464,000 "
KOLAM AIR TENANG,JAWA BARAT,BANDUNG BARAT,LELE,2022,"2,345,993 "," Rp38,931,131,000 "
KOLAM AIR TENANG,JAWA BARAT,BEKASI,LELE,2022,"2,754,178 "," Rp52,329,382,000 "
KOLAM AIR TENANG,JAWA BARAT,BOGOR,LELE,2022,"95,767,076 "," Rp2,489,943,976,000 "
KOLAM AIR TENANG,JAWA BARAT,CIAMIS,LELE,2022,"4,386,562 "," Rp57,025,306,000 "
KOLAM AIR TENANG,JAWA BARAT,CIANJUR,LELE,2022,"14,761,430 "," Rp236,182,880,000 "
KOLAM AIR TENANG,JAWA BARAT,CIREBON,LELE,2022,"2,830,540 "," Rp56,610,800,000 "
KOLAM AIR TENANG,JAWA BARAT,GARUT,LELE,2022,"6,407,870 "," Rp115,341,660,000 "
KOLAM AIR TENANG,JAWA BARAT,INDRAMAYU,LELE,2022,"93,917,550 "," Rp1,912,034,600,000 "
KOLAM AIR TENANG,JAWA BARAT,KARAWANG,LELE,2022,"800,247 "," Rp9,602,964,000 "
KOLAM AIR TENANG,JAWA BARAT,KOTA BANDUNG,LELE,2022,"143,439 "," Rp2,811,912,000 "
KOLAM AIR TENANG,JAWA BARAT,KOTA BANJAR,LELE,2022,"317,776 "," Rp4,766,640,000 "
KOLAM AIR TENANG,JAWA BARAT,KOTA BEKASI,LELE,2022,"1,266,142 "," Rp22,790,556,000 "
KOLAM AIR TENANG,JAWA BARAT,KOTA BOGOR,LELE,2022,"2,422,200 "," Rp42,748,800,000 "
KOLAM AIR TENANG,JAWA BARAT,KOTA CIMAHI,LELE,2022,"239,430 "," Rp4,549,170,000 "
KOLAM AIR TENANG,JAWA BARAT,KOTA CIREBON,LELE,2022,"72,878 "," Rp1,188,944,000 "
KOLAM AIR TENANG,JAWA BARAT,KOTA DEPOK,LELE,2022,"146,750 "," Rp4,329,470,000 "
KOLAM AIR TENANG,JAWA BARAT,KOTA SUKABUMI,LELE,2022,"717,371 "," Rp12,912,678,000 "
KOLAM AIR TENANG,JAWA BARAT,KOTA TASIKMALAYA,LELE,2022,"1,494,499 "," Rp17,933,988,000 "
KOLAM AIR TENANG,JAWA BARAT,KUNINGAN,LELE,2022,"4,850,099 "," Rp82,451,683,000 "
KOLAM AIR TENANG,JAWA BARAT,MAJALENGKA,LELE,2022,"2,823,760 "," Rp56,475,200,000 "
KOLAM AIR TENANG,JAWA BARAT,PANGANDARAN,LELE,2022,"25,172 "," Rp407,354,150 "
KOLAM AIR TENANG,JAWA BARAT,PURWAKARTA,LELE,2022,"802,310 "," Rp14,047,500,000 "
KOLAM AIR TENANG,JAWA BARAT,SUBANG,LELE,2022,"2,464,889 "," Rp45,814,581,000 "
KOLAM AIR TENANG,JAWA BARAT,SUKABUMI,LELE,2022,"11,720,265 "," Rp199,244,505,000 "
KOLAM AIR TENANG,JAWA BARAT,SUMEDANG,LELE,2022,"279,317 "," Rp5,168,983,634 "
KOLAM AIR TENANG,JAWA BARAT,TASIKMALAYA,LELE,2022,"2,625,000 "," Rp37,080,000,000 "
KOLAM AIR TENANG,JAWA TENGAH,BANJARNEGARA,LELE,2022,"12,105,519 "," Rp222,739,224,000 "
KOLAM AIR TENANG,JAWA TENGAH,BANYUMAS,LELE,2022,"3,755,572 "," Rp66,235,849,000 "
KOLAM AIR TENANG,JAWA TENGAH,BATANG,LELE,2022,"1,341,736 "," Rp24,700,955,000 "
KOLAM AIR TENANG,JAWA TENGAH,BLORA,LELE,2022,"776,915 "," Rp13,984,470,000 "
KOLAM AIR TENANG,JAWA TENGAH,BOYOLALI,LELE,2022,"30,502,055 "," Rp581,427,768,500 "
KOLAM AIR TENANG,JAWA TENGAH,BREBES,LELE,2022,"4,587,641 "," Rp97,746,364,000 "
KOLAM AIR TENANG,JAWA TENGAH,CILACAP,LELE,2022,"2,531,351 "," Rp48,708,911,000 "
KOLAM AIR TENANG,JAWA TENGAH,DEMAK,LELE,2022,"39,048,401 "," Rp624,774,416,000 "
KOLAM AIR TENANG,JAWA TENGAH,GROBOGAN,LELE,2022,"2,435,969 "," Rp44,456,001,500 "
KOLAM AIR TENANG,JAWA TENGAH,JEPARA,LELE,2022,"4,849,922 "," Rp102,551,981,000 "
KOLAM AIR TENANG,JAWA TENGAH,KARANGANYAR,LELE,2022,"1,634,762 "," Rp27,806,116,000 "
KOLAM AIR TENANG,JAWA TENGAH,KEBUMEN,LELE,2022,"1,324,138 "," Rp23,728,422,000 "
KOLAM AIR TENANG,JAWA TENGAH,KENDAL,LELE,2022,"3,177,800 "," Rp57,174,700,000 "
KOLAM AIR TENANG,JAWA TENGAH,KLATEN,LELE,2022,"11,712,686 "," Rp187,402,976,000 "
KOLAM AIR TENANG,JAWA TENGAH,KOTA MAGELANG,LELE,2022,"28,700 "," Rp492,500,000 "
KOLAM AIR TENANG,JAWA TENGAH,KOTA PEKALONGAN,LELE,2022,"92,495 "," Rp1,757,405,000 "
KOLAM AIR TENANG,JAWA TENGAH,KOTA SALATIGA,LELE,2022,"614,975 "," Rp11,684,525,000 "
KOLAM AIR TENANG,JAWA TENGAH,KOTA SEMARANG,LELE,2022,"207,764 "," Rp3,947,516,000 "
KOLAM AIR TENANG,JAWA TENGAH,KOTA SURAKARTA,LELE,2022,"41,919 "," Rp712,623,000 "
KOLAM AIR TENANG,JAWA TENGAH,KOTA TEGAL,LELE,2022,"16,727 "," Rp284,359,000 "
KOLAM AIR TENANG,JAWA TENGAH,KUDUS,LELE,2022,"1,819,297 "," Rp35,280,906,500 "
KOLAM AIR TENANG,JAWA TENGAH,MAGELANG,LELE,2022,"4,853,204 "," Rp82,413,516,000 "
KOLAM AIR TENANG,JAWA TENGAH,PATI,LELE,2022,"11,462,531 "," Rp214,689,751,000 "
KOLAM AIR TENANG,JAWA TENGAH,PEKALONGAN,LELE,2022,"1,076,909 "," Rp18,307,453,000 "
KOLAM AIR TENANG,JAWA TENGAH,PEMALANG,LELE,2022,"1,963,290 "," Rp33,538,883,070 "
KOLAM AIR TENANG,JAWA TENGAH,PURBALINGGA,LELE,2022,"2,225,550 "," Rp40,616,375,000 "
KOLAM AIR TENANG,JAWA TENGAH,PURWOREJO,LELE,2022,"546,904 "," Rp10,001,878,682 "
KOLAM AIR TENANG,JAWA TENGAH,REMBANG,LELE,2022,"989,900 "," Rp18,764,476,000 "
KOLAM AIR TENANG,JAWA TENGAH,SEMARANG,LELE,2022,"3,281,174 "," Rp55,779,958,000 "
KOLAM AIR TENANG,JAWA TENGAH,SRAGEN,LELE,2022,"8,010,100 "," Rp152,195,520,000 "
KOLAM AIR TENANG,JAWA TENGAH,SUKOHARJO,LELE,2022,"11,934,850 "," Rp196,969,935,000 "
KOLAM AIR TENANG,JAWA TENGAH,TEGAL,LELE,2022,"784,340 "," Rp13,725,950,000 "
KOLAM AIR TENANG,JAWA TENGAH,TEMANGGUNG,LELE,2022,"4,523,851 "," Rp92,262,479,000 "
KOLAM AIR TENANG,JAWA TENGAH,WONOGIRI,LELE,2022,"560,792 "," Rp10,094,256,000 "
KOLAM AIR TENANG,JAWA TENGAH,WONOSOBO,LELE,2022,"3,203,907 "," Rp44,854,698,000 "
KOLAM AIR TENANG,JAWA TIMUR,BANGKALAN,LELE,2022,"313,800 "," Rp6,142,800,000 "
KOLAM AIR TENANG,JAWA TIMUR,BANYUWANGI,LELE,2022,"5,293,500 "," Rp99,553,500,000 "
KOLAM AIR TENANG,JAWA TIMUR,BLITAR,LELE,2022,"8,884,488 "," Rp142,151,808,000 "
KOLAM AIR TENANG,JAWA TIMUR,BOJONEGORO,LELE,2022,"3,030,811 "," Rp53,201,436,500 "
KOLAM AIR TENANG,JAWA TIMUR,BONDOWOSO,LELE,2022,"752,068 "," Rp16,545,496,000 "
KOLAM AIR TENANG,JAWA TIMUR,GRESIK,LELE,2022,"1,278,759 "," Rp19,181,385,000 "
KOLAM AIR TENANG,JAWA TIMUR,JEMBER,LELE,2022,"10,103,000 "," Rp151,545,000,000 "
KOLAM AIR TENANG,JAWA TIMUR,JOMBANG,LELE,2022,"7,253,300 "," Rp132,419,450,000 "
KOLAM AIR TENANG,JAWA TIMUR,KEDIRI,LELE,2022,"16,310,100 "," Rp260,961,600,000 "
KOLAM AIR TENANG,JAWA TIMUR,KOTA BATU,LELE,2022,"25,440 "," Rp457,920,000 "
KOLAM AIR TENANG,JAWA TIMUR,KOTA BLITAR,LELE,2022,"106,480 "," Rp1,804,080,000 "
KOLAM AIR TENANG,JAWA TIMUR,KOTA KEDIRI,LELE,2022,"174,670 "," Rp2,789,994,995 "
KOLAM AIR TENANG,JAWA TIMUR,KOTA MADIUN,LELE,2022,"183,910 "," Rp3,147,610,000 "
KOLAM AIR TENANG,JAWA TIMUR,KOTA MALANG,LELE,2022,"109,700 "," Rp2,021,800,000 "
KOLAM AIR TENANG,JAWA TIMUR,KOTA MOJOKERTO,LELE,2022,"199,100 "," Rp3,360,025,000 "
KOLAM AIR TENANG,JAWA TIMUR,KOTA PASURUAN,LELE,2022,"733,863 "," Rp11,007,945,000 "
KOLAM AIR TENANG,JAWA TIMUR,KOTA PROBOLINGGO,LELE,2022,"195,120 "," Rp3,486,222,494 "
KOLAM AIR TENANG,JAWA TIMUR,KOTA SURABAYA,LELE,2022,"1,066,656 "," Rp23,355,723,000 "
KOLAM AIR TENANG,JAWA TIMUR,LAMONGAN,LELE,2022,"1,997,928 "," Rp31,569,050,975 "
KOLAM AIR TENANG,JAWA TIMUR,LUMAJANG,LELE,2022,"1,003,850 "," Rp17,823,640,687 "
KOLAM AIR TENANG,JAWA TIMUR,MADIUN,LELE,2022,"2,301,600 "," Rp38,464,455,000 "
KOLAM AIR TENANG,JAWA TIMUR,MAGETAN,LELE,2022,"1,500,500 "," Rp25,512,250,000 "
KOLAM AIR TENANG,JAWA TIMUR,MALANG,LELE,2022,"5,761,460 "," Rp92,183,360,000 "
KOLAM AIR TENANG,JAWA TIMUR,MOJOKERTO,LELE,2022,"1,285,200 "," Rp22,300,031,600 "
KOLAM AIR TENANG,JAWA TIMUR,NGANJUK,LELE,2022,"9,654,960 "," Rp168,447,185,000 "
KOLAM AIR TENANG,JAWA TIMUR,NGAWI,LELE,2022,"2,919,830 "," Rp52,556,940,000 "
KOLAM AIR TENANG,JAWA TIMUR,PACITAN,LELE,2022,"396,051 "," Rp7,143,007,000 "
KOLAM AIR TENANG,JAWA TIMUR,PAMEKASAN,LELE,2022,"721,130 "," Rp13,393,770,500 "
KOLAM AIR TENANG,JAWA TIMUR,PASURUAN,LELE,2022,"9,254,253 "," Rp169,019,363,300 "
KOLAM AIR TENANG,JAWA TIMUR,PONOROGO,LELE,2022,"1,479,896 "," Rp29,651,388,000 "
KOLAM AIR TENANG,JAWA TIMUR,PROBOLINGGO,LELE,2022,"471,260 "," Rp7,955,789,992 "
KOLAM AIR TENANG,JAWA TIMUR,SAMPANG,LELE,2022,"141,164 "," Rp2,771,686,000 "
KOLAM AIR TENANG,JAWA TIMUR,SIDOARJO,LELE,2022,"22,357,051 "," Rp357,712,816,000 "
KOLAM AIR TENANG,JAWA TIMUR,SITUBONDO,LELE,2022,"249,865 "," Rp4,253,244,000 "
KOLAM AIR TENANG,JAWA TIMUR,SUMENEP,LELE,2022,"286,659 "," Rp5,733,180,000 "
KOLAM AIR TENANG,JAWA TIMUR,TRENGGALEK,LELE,2022,"3,402,219 "," Rp55,185,750,000 "
KOLAM AIR TENANG,JAWA TIMUR,TUBAN,LELE,2022,"7,524,953 "," Rp135,449,154,000 "
KOLAM AIR TENANG,JAWA TIMUR,TULUNGAGUNG,LELE,2022,"11,127,000 "," Rp199,606,800,000 "
KOLAM AIR TENANG,JAWA BARAT,BANDUNG,LELE,2023,"11,441,141 "," Rp205,940,538,000 "
KOLAM AIR TENANG,JAWA BARAT,BANDUNG BARAT,LELE,2023,"2,773,758 "," Rp49,927,644,000 "
KOLAM AIR TENANG,JAWA BARAT,BEKASI,LELE,2023,"2,974,511 "," Rp56,515,709,000 "
KOLAM AIR TENANG,JAWA BARAT,BOGOR,LELE,2023,"90,423,093 "," Rp1,888,920,146,000 "
KOLAM AIR TENANG,JAWA BARAT,CIAMIS,LELE,2023,"4,572,721 "," Rp59,445,373,000 "
KOLAM AIR TENANG,JAWA BARAT,CIANJUR,LELE,2023,"16,471,900 "," Rp263,550,400,000 "
KOLAM AIR TENANG,JAWA BARAT,CIREBON,LELE,2023,"4,876,376 "," Rp90,422,640,168 "
KOLAM AIR TENANG,JAWA BARAT,GARUT,LELE,2023,"6,471,655 "," Rp129,433,100,000 "
KOLAM AIR TENANG,JAWA BARAT,INDRAMAYU,LELE,2023,"113,100,490 "," Rp2,488,210,780,000 "
KOLAM AIR TENANG,JAWA BARAT,KARAWANG,LELE,2023,"1,509,738 "," Rp24,155,808,000 "
KOLAM AIR TENANG,JAWA BARAT,KOTA BANDUNG,LELE,2023,"157,290 "," Rp3,145,800,000 "
KOLAM AIR TENANG,JAWA BARAT,KOTA BANJAR,LELE,2023,"321,434 "," Rp4,821,510,000 "
KOLAM AIR TENANG,JAWA BARAT,KOTA BEKASI,LELE,2023,"1,278,334 "," Rp25,566,680,000 "
KOLAM AIR TENANG,JAWA BARAT,KOTA BOGOR,LELE,2023,"1,391,650 "," Rp24,734,050,000 "
KOLAM AIR TENANG,JAWA BARAT,KOTA CIMAHI,LELE,2023,"213,956 "," Rp4,065,164,000 "
KOLAM AIR TENANG,JAWA BARAT,KOTA CIREBON,LELE,2023,"70,775 "," Rp1,168,192,720 "
KOLAM AIR TENANG,JAWA BARAT,KOTA DEPOK,LELE,2023,"566,106 "," Rp14,152,650,000 "
KOLAM AIR TENANG,JAWA BARAT,KOTA SUKABUMI,LELE,2023,"720,139 "," Rp12,962,502,000 "
KOLAM AIR TENANG,JAWA BARAT,KOTA TASIKMALAYA,LELE,2023,"1,511,603 "," Rp18,139,236,000 "
KOLAM AIR TENANG,JAWA BARAT,KUNINGAN,LELE,2023,"5,106,406 "," Rp88,652,166,000 "
KOLAM AIR TENANG,JAWA BARAT,MAJALENGKA,LELE,2023,"2,856,600 "," Rp57,132,000,000 "
KOLAM AIR TENANG,JAWA BARAT,PANGANDARAN,LELE,2023,"15,871 "," Rp269,807,000 "
KOLAM AIR TENANG,JAWA BARAT,PURWAKARTA,LELE,2023,"853,490 "," Rp17,069,800,000 "
KOLAM AIR TENANG,JAWA BARAT,SUBANG,LELE,2023,"5,326,146 "," Rp113,061,005,500 "
KOLAM AIR TENANG,JAWA BARAT,SUKABUMI,LELE,2023,"12,234,418 "," Rp257,821,902,000 "
KOLAM AIR TENANG,JAWA BARAT,SUMEDANG,LELE,2023,"161,974 "," Rp3,057,783,900 "
KOLAM AIR TENANG,JAWA BARAT,TASIKMALAYA,LELE,2023,"1,857,000 "," Rp27,855,000,000 "
KOLAM AIR TENANG,JAWA TENGAH,BANJARNEGARA,LELE,2023,"18,813,223 "," Rp338,638,014,000 "
KOLAM AIR TENANG,JAWA TENGAH,BANYUMAS,LELE,2023,"3,860,008 "," Rp69,480,144,000 "
KOLAM AIR TENANG,JAWA TENGAH,BATANG,LELE,2023,"1,345,039 "," Rp26,900,780,000 "
KOLAM AIR TENANG,JAWA TENGAH,BLORA,LELE,2023,"773,518 "," Rp14,290,492,000 "
KOLAM AIR TENANG,JAWA TENGAH,BOYOLALI,LELE,2023,"30,903,214 "," Rp648,967,494,000 "
KOLAM AIR TENANG,JAWA TENGAH,BREBES,LELE,2023,"2,975,734 "," Rp63,978,281,000 "
KOLAM AIR TENANG,JAWA TENGAH,CILACAP,LELE,2023,"2,848,506 "," Rp55,656,952,000 "
KOLAM AIR TENANG,JAWA TENGAH,DEMAK,LELE,2023,"39,827,731 "," Rp637,243,696,000 "
KOLAM AIR TENANG,JAWA TENGAH,GROBOGAN,LELE,2023,"2,592,873 "," Rp47,974,514,000 "
KOLAM AIR TENANG,JAWA TENGAH,JEPARA,LELE,2023,"4,317,360 "," Rp94,981,920,000 "
KOLAM AIR TENANG,JAWA TENGAH,KARANGANYAR,LELE,2023,"1,710,249 "," Rp30,784,482,000 "
KOLAM AIR TENANG,JAWA TENGAH,KEBUMEN,LELE,2023,"1,289,045 "," Rp23,809,138,000 "
KOLAM AIR TENANG,JAWA TENGAH,KENDAL,LELE,2023,"3,182,800 "," Rp60,473,200,000 "
KOLAM AIR TENANG,JAWA TENGAH,KLATEN,LELE,2023,"11,829,671 "," Rp212,934,078,000 "
KOLAM AIR TENANG,JAWA TENGAH,KOTA MAGELANG,LELE,2023,"38,100 "," Rp666,750,000 "
KOLAM AIR TENANG,JAWA TENGAH,KOTA PEKALONGAN,LELE,2023,"130,520 "," Rp2,479,880,000 "
KOLAM AIR TENANG,JAWA TENGAH,KOTA SALATIGA,LELE,2023,"605,904 "," Rp10,300,368,000 "
KOLAM AIR TENANG,JAWA TENGAH,KOTA SEMARANG,LELE,2023,"192,453 "," Rp4,384,035,500 "
KOLAM AIR TENANG,JAWA TENGAH,KOTA SURAKARTA,LELE,2023,"43,712 "," Rp830,528,000 "
KOLAM AIR TENANG,JAWA TENGAH,KOTA TEGAL,LELE,2023,"16,893 "," Rp295,627,500 "
KOLAM AIR TENANG,JAWA TENGAH,KUDUS,LELE,2023,"1,847,830 "," Rp38,804,430,000 "
KOLAM AIR TENANG,JAWA TENGAH,MAGELANG,LELE,2023,"4,895,362 "," Rp97,907,240,000 "
KOLAM AIR TENANG,JAWA TENGAH,PATI,LELE,2023,"11,713,132 "," Rp229,823,357,000 "
KOLAM AIR TENANG,JAWA TENGAH,PEKALONGAN,LELE,2023,"1,136,826 "," Rp19,326,042,000 "
KOLAM AIR TENANG,JAWA TENGAH,PEMALANG,LELE,2023,"2,150,730 "," Rp43,014,600,000 "
KOLAM AIR TENANG,JAWA TENGAH,PURBALINGGA,LELE,2023,"2,180,190 "," Rp40,333,515,000 "
KOLAM AIR TENANG,JAWA TENGAH,PURWOREJO,LELE,2023,"557,839 "," Rp10,390,421,500 "
KOLAM AIR TENANG,JAWA TENGAH,REMBANG,LELE,2023,"999,586 "," Rp19,885,464,000 "
KOLAM AIR TENANG,JAWA TENGAH,SEMARANG,LELE,2023,"3,375,208 "," Rp64,011,476,600 "
KOLAM AIR TENANG,JAWA TENGAH,SRAGEN,LELE,2023,"8,714,757 "," Rp172,143,056,500 "
KOLAM AIR TENANG,JAWA TENGAH,SUKOHARJO,LELE,2023,"12,002,368 "," Rp216,042,624,000 "
KOLAM AIR TENANG,JAWA TENGAH,TEGAL,LELE,2023,"1,083,452 "," Rp21,669,040,000 "
KOLAM AIR TENANG,JAWA TENGAH,TEMANGGUNG,LELE,2023,"4,359,111 "," Rp91,541,331,000 "
KOLAM AIR TENANG,JAWA TENGAH,WONOGIRI,LELE,2023,"544,978 "," Rp10,162,082,000 "
KOLAM AIR TENANG,JAWA TENGAH,WONOSOBO,LELE,2023,"1,075,226 "," Rp17,203,616,000 "
KOLAM AIR TENANG,JAWA TIMUR,BANGKALAN,LELE,2023,"392,300 "," Rp7,846,000,000 "
KOLAM AIR TENANG,JAWA TIMUR,BANYUWANGI,LELE,2023,"6,486,745 "," Rp124,071,210,000 "
KOLAM AIR TENANG,JAWA TIMUR,BLITAR,LELE,2023,"8,945,400 "," Rp156,615,100,000 "
KOLAM AIR TENANG,JAWA TIMUR,BOJONEGORO,LELE,2023,"3,197,167 "," Rp58,403,828,500 "
KOLAM AIR TENANG,JAWA TIMUR,BONDOWOSO,LELE,2023,"917,712 "," Rp20,189,664,000 "
KOLAM AIR TENANG,JAWA TIMUR,GRESIK,LELE,2023,"1,469,705 "," Rp22,761,070,000 "
KOLAM AIR TENANG,JAWA TIMUR,JEMBER,LELE,2023,"10,103,000 "," Rp151,545,000,000 "
KOLAM AIR TENANG,JAWA TIMUR,JOMBANG,LELE,2023,"6,977,300 "," Rp128,970,800,000 "
KOLAM AIR TENANG,JAWA TIMUR,KEDIRI,LELE,2023,"16,391,000 "," Rp278,647,000,000 "
KOLAM AIR TENANG,JAWA TIMUR,KOTA BATU,LELE,2023,"28,575 "," Rp514,350,000 "
KOLAM AIR TENANG,JAWA TIMUR,KOTA BLITAR,LELE,2023,"111,490 "," Rp1,948,760,000 "
KOLAM AIR TENANG,JAWA TIMUR,KOTA KEDIRI,LELE,2023,"179,200 "," Rp3,292,029,995 "
KOLAM AIR TENANG,JAWA TIMUR,KOTA MADIUN,LELE,2023,"188,660 "," Rp3,467,110,000 "
KOLAM AIR TENANG,JAWA TIMUR,KOTA MALANG,LELE,2023,"91,500 "," Rp1,738,500,000 "
KOLAM AIR TENANG,JAWA TIMUR,KOTA MOJOKERTO,LELE,2023,"210,100 "," Rp5,042,400,000 "
KOLAM AIR TENANG,JAWA TIMUR,KOTA PASURUAN,LELE,2023,"230,080 "," Rp3,807,261,000 "
KOLAM AIR TENANG,JAWA TIMUR,KOTA PROBOLINGGO,LELE,2023,"241,704 "," Rp4,725,142,662 "
KOLAM AIR TENANG,JAWA TIMUR,KOTA SURABAYA,LELE,2023,"1,066,656 "," Rp23,355,723,000 "
KOLAM AIR TENANG,JAWA TIMUR,LAMONGAN,LELE,2023,"2,366,941 "," Rp37,871,056,000 "
KOLAM AIR TENANG,JAWA TIMUR,LUMAJANG,LELE,2023,"1,261,952 "," Rp23,130,495,000 "
KOLAM AIR TENANG,JAWA TIMUR,MADIUN,LELE,2023,"2,408,500 "," Rp44,557,250,000 "
KOLAM AIR TENANG,JAWA TIMUR,MAGETAN,LELE,2023,"1,532,500 "," Rp27,476,350,000 "
KOLAM AIR TENANG,JAWA TIMUR,MALANG,LELE,2023,"5,946,700 "," Rp104,089,400,000 "
KOLAM AIR TENANG,JAWA TIMUR,MOJOKERTO,LELE,2023,"1,364,000 "," Rp25,234,000,000 "
KOLAM AIR TENANG,JAWA TIMUR,NGANJUK,LELE,2023,"10,044,923 "," Rp183,694,276,857 "
KOLAM AIR TENANG,JAWA TIMUR,NGAWI,LELE,2023,"3,606,150 "," Rp66,713,775,000 "
KOLAM AIR TENANG,JAWA TIMUR,PACITAN,LELE,2023,"420,507 "," Rp7,148,619,000 "
KOLAM AIR TENANG,JAWA TIMUR,PAMEKASAN,LELE,2023,"719,322 "," Rp13,634,545,500 "
KOLAM AIR TENANG,JAWA TIMUR,PASURUAN,LELE,2023,"15,030,013 "," Rp277,171,461,440 "
KOLAM AIR TENANG,JAWA TIMUR,PONOROGO,LELE,2023,"1,617,444 "," Rp37,304,046,000 "
KOLAM AIR TENANG,JAWA TIMUR,PROBOLINGGO,LELE,2023,"682,600 "," Rp12,286,800,000 "
KOLAM AIR TENANG,JAWA TIMUR,SAMPANG,LELE,2023,"190,339 "," Rp4,335,019,000 "
KOLAM AIR TENANG,JAWA TIMUR,SIDOARJO,LELE,2023,"24,382,500 "," Rp390,120,000,000 "
KOLAM AIR TENANG,JAWA TIMUR,SITUBONDO,LELE,2023,"526,799 "," Rp10,009,181,000 "
KOLAM AIR TENANG,JAWA TIMUR,SUMENEP,LELE,2023,"295,705 "," Rp6,059,545,000 "
KOLAM AIR TENANG,JAWA TIMUR,TRENGGALEK,LELE,2023,"3,919,613 "," Rp72,244,244,074 "
KOLAM AIR TENANG,JAWA TIMUR,TUBAN,LELE,2023,"8,406,798 "," Rp151,777,909,018 "
KOLAM AIR TENANG,JAWA TIMUR,TULUNGAGUNG,LELE,2023,"11,550,000 "," Rp219,450,000,000 "
